--
-- PostgreSQL database dump
--

-- Dumped from database version 17.3
-- Dumped by pg_dump version 17.3

SET statement_timeout = 0;
SET lock_timeout = 0;
SET idle_in_transaction_session_timeout = 0;
SET transaction_timeout = 0;
SET client_encoding = 'UTF8';
SET standard_conforming_strings = on;
SELECT pg_catalog.set_config('search_path', '', false);
SET check_function_bodies = false;
SET xmloption = content;
SET client_min_messages = warning;
SET row_security = off;

SET default_tablespace = '';

SET default_table_access_method = heap;

--
-- Name: auth_group; Type: TABLE; Schema: public; Owner: postgres
--

CREATE TABLE public.auth_group (
    id integer NOT NULL,
    name character varying(150) NOT NULL
);


ALTER TABLE public.auth_group OWNER TO postgres;

--
-- Name: auth_group_id_seq; Type: SEQUENCE; Schema: public; Owner: postgres
--

ALTER TABLE public.auth_group ALTER COLUMN id ADD GENERATED BY DEFAULT AS IDENTITY (
    SEQUENCE NAME public.auth_group_id_seq
    START WITH 1
    INCREMENT BY 1
    NO MINVALUE
    NO MAXVALUE
    CACHE 1
);


--
-- Name: auth_group_permissions; Type: TABLE; Schema: public; Owner: postgres
--

CREATE TABLE public.auth_group_permissions (
    id bigint NOT NULL,
    group_id integer NOT NULL,
    permission_id integer NOT NULL
);


ALTER TABLE public.auth_group_permissions OWNER TO postgres;

--
-- Name: auth_group_permissions_id_seq; Type: SEQUENCE; Schema: public; Owner: postgres
--

ALTER TABLE public.auth_group_permissions ALTER COLUMN id ADD GENERATED BY DEFAULT AS IDENTITY (
    SEQUENCE NAME public.auth_group_permissions_id_seq
    START WITH 1
    INCREMENT BY 1
    NO MINVALUE
    NO MAXVALUE
    CACHE 1
);


--
-- Name: auth_permission; Type: TABLE; Schema: public; Owner: postgres
--

CREATE TABLE public.auth_permission (
    id integer NOT NULL,
    name character varying(255) NOT NULL,
    content_type_id integer NOT NULL,
    codename character varying(100) NOT NULL
);


ALTER TABLE public.auth_permission OWNER TO postgres;

--
-- Name: auth_permission_id_seq; Type: SEQUENCE; Schema: public; Owner: postgres
--

ALTER TABLE public.auth_permission ALTER COLUMN id ADD GENERATED BY DEFAULT AS IDENTITY (
    SEQUENCE NAME public.auth_permission_id_seq
    START WITH 1
    INCREMENT BY 1
    NO MINVALUE
    NO MAXVALUE
    CACHE 1
);


--
-- Name: auth_user; Type: TABLE; Schema: public; Owner: postgres
--

CREATE TABLE public.auth_user (
    id integer NOT NULL,
    password character varying(128) NOT NULL,
    last_login timestamp with time zone,
    is_superuser boolean NOT NULL,
    username character varying(150) NOT NULL,
    first_name character varying(150) NOT NULL,
    last_name character varying(150) NOT NULL,
    email character varying(254) NOT NULL,
    is_staff boolean NOT NULL,
    is_active boolean NOT NULL,
    date_joined timestamp with time zone NOT NULL
);


ALTER TABLE public.auth_user OWNER TO postgres;

--
-- Name: auth_user_groups; Type: TABLE; Schema: public; Owner: postgres
--

CREATE TABLE public.auth_user_groups (
    id bigint NOT NULL,
    user_id integer NOT NULL,
    group_id integer NOT NULL
);


ALTER TABLE public.auth_user_groups OWNER TO postgres;

--
-- Name: auth_user_groups_id_seq; Type: SEQUENCE; Schema: public; Owner: postgres
--

ALTER TABLE public.auth_user_groups ALTER COLUMN id ADD GENERATED BY DEFAULT AS IDENTITY (
    SEQUENCE NAME public.auth_user_groups_id_seq
    START WITH 1
    INCREMENT BY 1
    NO MINVALUE
    NO MAXVALUE
    CACHE 1
);


--
-- Name: auth_user_id_seq; Type: SEQUENCE; Schema: public; Owner: postgres
--

ALTER TABLE public.auth_user ALTER COLUMN id ADD GENERATED BY DEFAULT AS IDENTITY (
    SEQUENCE NAME public.auth_user_id_seq
    START WITH 1
    INCREMENT BY 1
    NO MINVALUE
    NO MAXVALUE
    CACHE 1
);


--
-- Name: auth_user_user_permissions; Type: TABLE; Schema: public; Owner: postgres
--

CREATE TABLE public.auth_user_user_permissions (
    id bigint NOT NULL,
    user_id integer NOT NULL,
    permission_id integer NOT NULL
);


ALTER TABLE public.auth_user_user_permissions OWNER TO postgres;

--
-- Name: auth_user_user_permissions_id_seq; Type: SEQUENCE; Schema: public; Owner: postgres
--

ALTER TABLE public.auth_user_user_permissions ALTER COLUMN id ADD GENERATED BY DEFAULT AS IDENTITY (
    SEQUENCE NAME public.auth_user_user_permissions_id_seq
    START WITH 1
    INCREMENT BY 1
    NO MINVALUE
    NO MAXVALUE
    CACHE 1
);


--
-- Name: core_job; Type: TABLE; Schema: public; Owner: postgres
--

CREATE TABLE public.core_job (
    id bigint NOT NULL,
    title character varying(255) NOT NULL,
    location character varying(255) NOT NULL,
    company character varying(255) NOT NULL,
    type character varying(100) NOT NULL,
    description text NOT NULL,
    link character varying(200) NOT NULL
);


ALTER TABLE public.core_job OWNER TO postgres;

--
-- Name: core_job_id_seq; Type: SEQUENCE; Schema: public; Owner: postgres
--

ALTER TABLE public.core_job ALTER COLUMN id ADD GENERATED BY DEFAULT AS IDENTITY (
    SEQUENCE NAME public.core_job_id_seq
    START WITH 1
    INCREMENT BY 1
    NO MINVALUE
    NO MAXVALUE
    CACHE 1
);


--
-- Name: core_profile; Type: TABLE; Schema: public; Owner: postgres
--

CREATE TABLE public.core_profile (
    id bigint NOT NULL,
    bio text NOT NULL,
    skills character varying(255) NOT NULL,
    location character varying(100) NOT NULL,
    profile_picture character varying(100),
    user_id integer NOT NULL
);


ALTER TABLE public.core_profile OWNER TO postgres;

--
-- Name: core_profile_id_seq; Type: SEQUENCE; Schema: public; Owner: postgres
--

ALTER TABLE public.core_profile ALTER COLUMN id ADD GENERATED BY DEFAULT AS IDENTITY (
    SEQUENCE NAME public.core_profile_id_seq
    START WITH 1
    INCREMENT BY 1
    NO MINVALUE
    NO MAXVALUE
    CACHE 1
);


--
-- Name: core_userjobinteraction; Type: TABLE; Schema: public; Owner: postgres
--

CREATE TABLE public.core_userjobinteraction (
    id bigint NOT NULL,
    job_title character varying(255) NOT NULL,
    job_link character varying(200) NOT NULL,
    company_name character varying(255) NOT NULL,
    location character varying(255) NOT NULL,
    interaction_type character varying(10) NOT NULL,
    "timestamp" timestamp with time zone NOT NULL,
    user_id integer NOT NULL
);


ALTER TABLE public.core_userjobinteraction OWNER TO postgres;

--
-- Name: core_userjobinteraction_id_seq; Type: SEQUENCE; Schema: public; Owner: postgres
--

ALTER TABLE public.core_userjobinteraction ALTER COLUMN id ADD GENERATED BY DEFAULT AS IDENTITY (
    SEQUENCE NAME public.core_userjobinteraction_id_seq
    START WITH 1
    INCREMENT BY 1
    NO MINVALUE
    NO MAXVALUE
    CACHE 1
);


--
-- Name: django_admin_log; Type: TABLE; Schema: public; Owner: postgres
--

CREATE TABLE public.django_admin_log (
    id integer NOT NULL,
    action_time timestamp with time zone NOT NULL,
    object_id text,
    object_repr character varying(200) NOT NULL,
    action_flag smallint NOT NULL,
    change_message text NOT NULL,
    content_type_id integer,
    user_id integer NOT NULL,
    CONSTRAINT django_admin_log_action_flag_check CHECK ((action_flag >= 0))
);


ALTER TABLE public.django_admin_log OWNER TO postgres;

--
-- Name: django_admin_log_id_seq; Type: SEQUENCE; Schema: public; Owner: postgres
--

ALTER TABLE public.django_admin_log ALTER COLUMN id ADD GENERATED BY DEFAULT AS IDENTITY (
    SEQUENCE NAME public.django_admin_log_id_seq
    START WITH 1
    INCREMENT BY 1
    NO MINVALUE
    NO MAXVALUE
    CACHE 1
);


--
-- Name: django_content_type; Type: TABLE; Schema: public; Owner: postgres
--

CREATE TABLE public.django_content_type (
    id integer NOT NULL,
    app_label character varying(100) NOT NULL,
    model character varying(100) NOT NULL
);


ALTER TABLE public.django_content_type OWNER TO postgres;

--
-- Name: django_content_type_id_seq; Type: SEQUENCE; Schema: public; Owner: postgres
--

ALTER TABLE public.django_content_type ALTER COLUMN id ADD GENERATED BY DEFAULT AS IDENTITY (
    SEQUENCE NAME public.django_content_type_id_seq
    START WITH 1
    INCREMENT BY 1
    NO MINVALUE
    NO MAXVALUE
    CACHE 1
);


--
-- Name: django_migrations; Type: TABLE; Schema: public; Owner: postgres
--

CREATE TABLE public.django_migrations (
    id bigint NOT NULL,
    app character varying(255) NOT NULL,
    name character varying(255) NOT NULL,
    applied timestamp with time zone NOT NULL
);


ALTER TABLE public.django_migrations OWNER TO postgres;

--
-- Name: django_migrations_id_seq; Type: SEQUENCE; Schema: public; Owner: postgres
--

ALTER TABLE public.django_migrations ALTER COLUMN id ADD GENERATED BY DEFAULT AS IDENTITY (
    SEQUENCE NAME public.django_migrations_id_seq
    START WITH 1
    INCREMENT BY 1
    NO MINVALUE
    NO MAXVALUE
    CACHE 1
);


--
-- Name: django_session; Type: TABLE; Schema: public; Owner: postgres
--

CREATE TABLE public.django_session (
    session_key character varying(40) NOT NULL,
    session_data text NOT NULL,
    expire_date timestamp with time zone NOT NULL
);


ALTER TABLE public.django_session OWNER TO postgres;

--
-- Name: website_job; Type: TABLE; Schema: public; Owner: postgres
--

CREATE TABLE public.website_job (
    job_id integer NOT NULL,
    job character varying(255) NOT NULL,
    location character varying(255) NOT NULL,
    company_name character varying(255) NOT NULL,
    work_type character varying(100) NOT NULL,
    full_time_remote character varying(100) NOT NULL,
    job_details text NOT NULL
);


ALTER TABLE public.website_job OWNER TO postgres;

--
-- Name: website_profile; Type: TABLE; Schema: public; Owner: postgres
--

CREATE TABLE public.website_profile (
    id bigint NOT NULL,
    bio text NOT NULL,
    skills character varying(255) NOT NULL,
    location character varying(100) NOT NULL,
    profile_picture character varying(100),
    user_id integer NOT NULL
);


ALTER TABLE public.website_profile OWNER TO postgres;

--
-- Name: website_profile_id_seq; Type: SEQUENCE; Schema: public; Owner: postgres
--

ALTER TABLE public.website_profile ALTER COLUMN id ADD GENERATED BY DEFAULT AS IDENTITY (
    SEQUENCE NAME public.website_profile_id_seq
    START WITH 1
    INCREMENT BY 1
    NO MINVALUE
    NO MAXVALUE
    CACHE 1
);


--
-- Data for Name: auth_group; Type: TABLE DATA; Schema: public; Owner: postgres
--

COPY public.auth_group (id, name) FROM stdin;
\.


--
-- Data for Name: auth_group_permissions; Type: TABLE DATA; Schema: public; Owner: postgres
--

COPY public.auth_group_permissions (id, group_id, permission_id) FROM stdin;
\.


--
-- Data for Name: auth_permission; Type: TABLE DATA; Schema: public; Owner: postgres
--

COPY public.auth_permission (id, name, content_type_id, codename) FROM stdin;
1	Can add job	1	add_job
2	Can change job	1	change_job
3	Can delete job	1	delete_job
4	Can view job	1	view_job
5	Can add profile	2	add_profile
6	Can change profile	2	change_profile
7	Can delete profile	2	delete_profile
8	Can view profile	2	view_profile
9	Can add log entry	3	add_logentry
10	Can change log entry	3	change_logentry
11	Can delete log entry	3	delete_logentry
12	Can view log entry	3	view_logentry
13	Can add permission	4	add_permission
14	Can change permission	4	change_permission
15	Can delete permission	4	delete_permission
16	Can view permission	4	view_permission
17	Can add group	5	add_group
18	Can change group	5	change_group
19	Can delete group	5	delete_group
20	Can view group	5	view_group
21	Can add user	6	add_user
22	Can change user	6	change_user
23	Can delete user	6	delete_user
24	Can view user	6	view_user
25	Can add content type	7	add_contenttype
26	Can change content type	7	change_contenttype
27	Can delete content type	7	delete_contenttype
28	Can view content type	7	view_contenttype
29	Can add session	8	add_session
30	Can change session	8	change_session
31	Can delete session	8	delete_session
32	Can view session	8	view_session
33	Can add job	9	add_job
34	Can change job	9	change_job
35	Can delete job	9	delete_job
36	Can view job	9	view_job
37	Can add profile	10	add_profile
38	Can change profile	10	change_profile
39	Can delete profile	10	delete_profile
40	Can view profile	10	view_profile
41	Can add user job interaction	11	add_userjobinteraction
42	Can change user job interaction	11	change_userjobinteraction
43	Can delete user job interaction	11	delete_userjobinteraction
44	Can view user job interaction	11	view_userjobinteraction
\.


--
-- Data for Name: auth_user; Type: TABLE DATA; Schema: public; Owner: postgres
--

COPY public.auth_user (id, password, last_login, is_superuser, username, first_name, last_name, email, is_staff, is_active, date_joined) FROM stdin;
4	pbkdf2_sha256$870000$BRd4RyuGsqIrp1Bj1lpwIy$OlhVwqKt9uLMW+vwjilur5cGRW/fLjmxzJhwv5qzmIM=	\N	f	Okpandu			kaiknightokpandu@gmail.com	f	t	2025-05-03 01:27:12.535699+01
5	pbkdf2_sha256$870000$a2Z0UxqudoMDV0r6iyMEWJ$bjwO5IBp9OcIfYX8SmsZGNylPcceGKZxosdW1o+CCTs=	\N	f	Dora			itsjoeyokpandu81@gmail.com	f	t	2025-05-03 01:28:26.32507+01
6	pbkdf2_sha256$870000$SkDTIQXTcxu9FagDYKJOz1$AJLiw9aKlMLeMZUebgjIxFWN56fR4pv1na4ClR7B4RM=	\N	f	Dorathy			itsjoeyokpandu81@gmail.com	f	t	2025-05-03 01:28:47.895352+01
1	pbkdf2_sha256$870000$jHJrMlrmVQHvN9Ppv51FvR$R9pEwiHz2LDZN2mHZCK3Qt6jPwCfpROxmVzIBWMXD+0=	2025-03-26 17:57:31.439056+01	f	kai			kaiknightokpandu@gmail.com	f	t	2025-02-19 15:12:02.001847+01
3	pbkdf2_sha256$870000$lsFrGPh4aOytU11lFiFFyi$aaLngk1sONnOC2vCEE8neipHuKMH+mlMstCFiNNpmic=	2025-07-08 10:32:58.233598+01	t	Okpandu_Dennis			kaiknightokpandu@gmail.com	t	t	2025-04-27 14:52:24.738634+01
2	pbkdf2_sha256$870000$jlhNuRmX37dxyJMcnaz73i$9Qwr09dt5Cf+XAMadiGNG7eqKF0pSeaKSG3DgdzlXC0=	2025-05-01 23:37:16.339643+01	t	kaikn			kaiknightokpandu@gmail.com	t	t	2025-04-27 14:45:32.650379+01
\.


--
-- Data for Name: auth_user_groups; Type: TABLE DATA; Schema: public; Owner: postgres
--

COPY public.auth_user_groups (id, user_id, group_id) FROM stdin;
\.


--
-- Data for Name: auth_user_user_permissions; Type: TABLE DATA; Schema: public; Owner: postgres
--

COPY public.auth_user_user_permissions (id, user_id, permission_id) FROM stdin;
\.


--
-- Data for Name: core_job; Type: TABLE DATA; Schema: public; Owner: postgres
--

COPY public.core_job (id, title, location, company, type, description, link) FROM stdin;
\.


--
-- Data for Name: core_profile; Type: TABLE DATA; Schema: public; Owner: postgres
--

COPY public.core_profile (id, bio, skills, location, profile_picture, user_id) FROM stdin;
5				default.jpg	4
7				default.jpg	5
9				default.jpg	6
3	A young software developer who is dedicated about data-driven solutions, machine learning, and web technologies.  knowledgeable about HTML, CSS, PostgreSQL, Python, Django, and contemporary web development frameworks. Always ready to pick up new skills, develop, and work on worthwhile projects.	Python developer, Django, HTML, CSS, Javascript, SQL (PostgreSQL), LucidChart		profile_pics/Screenshot_44.png	3
\.


--
-- Data for Name: core_userjobinteraction; Type: TABLE DATA; Schema: public; Owner: postgres
--

COPY public.core_userjobinteraction (id, job_title, job_link, company_name, location, interaction_type, "timestamp", user_id) FROM stdin;
1	Maintenance Mechanic	https://jooble.org/jdp/5295327316249263282		Greencastle, PA		2025-05-01 02:47:59.962743+01	3
2	Traveling Plant Manager	https://jooble.org/jdp/3792888348951081394		Greencastle, PA		2025-05-01 02:50:11.646096+01	3
3	Material Handler	https://jooble.org/jdp/-2309493476379178823		Greencastle, PA		2025-05-01 02:57:06.002532+01	3
4	Full Stack Engineer	https://jooble.org/jdp/7906820174134869883		Remote		2025-07-08 15:16:43.444782+01	3
5	Sr. Python Developer (Django required)	https://jooble.org/jdp/5982767990351840970		New York, NY		2025-07-08 15:18:25.797213+01	3
\.


--
-- Data for Name: django_admin_log; Type: TABLE DATA; Schema: public; Owner: postgres
--

COPY public.django_admin_log (id, action_time, object_id, object_repr, action_flag, change_message, content_type_id, user_id) FROM stdin;
\.


--
-- Data for Name: django_content_type; Type: TABLE DATA; Schema: public; Owner: postgres
--

COPY public.django_content_type (id, app_label, model) FROM stdin;
1	website	job
2	website	profile
3	admin	logentry
4	auth	permission
5	auth	group
6	auth	user
7	contenttypes	contenttype
8	sessions	session
9	core	job
10	core	profile
11	core	userjobinteraction
\.


--
-- Data for Name: django_migrations; Type: TABLE DATA; Schema: public; Owner: postgres
--

COPY public.django_migrations (id, app, name, applied) FROM stdin;
1	contenttypes	0001_initial	2025-02-19 15:02:39.893854+01
2	auth	0001_initial	2025-02-19 15:02:40.317374+01
3	admin	0001_initial	2025-02-19 15:02:40.380402+01
4	admin	0002_logentry_remove_auto_add	2025-02-19 15:02:40.533246+01
5	admin	0003_logentry_add_action_flag_choices	2025-02-19 15:02:40.567086+01
6	contenttypes	0002_remove_content_type_name	2025-02-19 15:02:40.600481+01
7	auth	0002_alter_permission_name_max_length	2025-02-19 15:02:40.620852+01
8	auth	0003_alter_user_email_max_length	2025-02-19 15:02:40.63686+01
9	auth	0004_alter_user_username_opts	2025-02-19 15:02:40.653063+01
10	auth	0005_alter_user_last_login_null	2025-02-19 15:02:40.668462+01
11	auth	0006_require_contenttypes_0002	2025-02-19 15:02:40.670248+01
12	auth	0007_alter_validators_add_error_messages	2025-02-19 15:02:40.695053+01
13	auth	0008_alter_user_username_max_length	2025-02-19 15:02:40.734839+01
14	auth	0009_alter_user_last_name_max_length	2025-02-19 15:02:40.751167+01
15	auth	0010_alter_group_name_max_length	2025-02-19 15:02:40.770188+01
16	auth	0011_update_proxy_permissions	2025-02-19 15:02:40.781456+01
17	auth	0012_alter_user_first_name_max_length	2025-02-19 15:02:40.852246+01
18	sessions	0001_initial	2025-02-19 15:02:40.878129+01
19	website	0001_initial	2025-02-19 15:02:40.89631+01
20	website	0002_profile	2025-02-19 15:02:40.931958+01
21	core	0001_initial	2025-04-27 14:11:49.460688+01
22	core	0002_profile	2025-04-27 14:11:49.55352+01
23	core	0003_userjobinteraction	2025-04-30 23:58:03.681163+01
\.


--
-- Data for Name: django_session; Type: TABLE DATA; Schema: public; Owner: postgres
--

COPY public.django_session (session_key, session_data, expire_date) FROM stdin;
bkwqwj2cjnm7ltsqdlze2660izprc0f5	.eJxVjMsOwiAQRf-FtSG8GVy69xvIwFCpGkhKuzL-uzbpQrf3nHNfLOK21riNssSZ2JlJdvrdEuZHaTugO7Zb57m3dZkT3xV-0MGvncrzcrh_BxVH_dbaoiUFyjjlwZog0SRNBD55Qg8pGDcFQSTFZIC0k0rmTFCkAgHFefb-AMLDNyM:1tksaQ:yQNoh32a9wfzCm9weyTRK0DinGUrloSOKh5Ebx0om50	2025-03-05 23:30:34.347718+01
8xl1vzgeth4i48sxlgr7j368qljjltdx	.eJxVjMsOwiAQRf-FtSG8GVy69xvIwFCpGkhKuzL-uzbpQrf3nHNfLOK21riNssSZ2JlJdvrdEuZHaTugO7Zb57m3dZkT3xV-0MGvncrzcrh_BxVH_dbaoiUFyjjlwZog0SRNBD55Qg8pGDcFQSTFZIC0k0rmTFCkAgHFefb-AMLDNyM:1txU4J:cCtsDJPB0eLLfJaTT7_qzrlWa3NRKJgAS9US-hWZBGY	2025-04-09 17:57:31.463779+01
bqdboltbktardujmy2z0pfguaxau70pr	e30:1u972F:aK9_qPKNWRxScsamm-DlVsOzvyn4w3mJ3J8RvooP4vs	2025-05-11 19:47:27.88063+01
0p8zvh242i6cy0tcdb5qlat9ea87r3bj	e30:1uAcWq:e_ay0ONxhGHu7t9WEIlTAueDCKfuOi0gZB20sY4rIPo	2025-05-15 23:37:16.333144+01
56ryzxaalk5ra1nzu59ek0fy0hzvolwi	.eJxVjEEOwiAQRe_C2hBgoENduvcMZOiMUjU0Ke3KeHfbpAvd_vfef6tE61LS2mROI6uzAnX63TINT6k74AfV-6SHqS7zmPWu6IM2fZ1YXpfD_Tso1MpWO4-REAVCH2xk7Hiw0OUIxm3I95YDQjaeRYgAOswO4RaErDXGUVCfL7CwNqg:1uB0kb:oK2hX8eiw_wqioVc1v3idhbVmSITzmuG3zHgJ38GKQY	2025-05-17 01:29:05.041841+01
ikm1dc97bahzc31j3g9hpvmxhhj62nrg	.eJxVjEEOwiAQRe_C2hBgoENduvcMZOiMUjU0Ke3KeHfbpAvd_vfef6tE61LS2mROI6uzAnX63TINT6k74AfV-6SHqS7zmPWu6IM2fZ1YXpfD_Tso1MpWO4-REAVCH2xk7Hiw0OUIxm3I95YDQjaeRYgAOswO4RaErDXGUVCfL7CwNqg:1uBwIV:dgGs0gegxNSQ91vdQ2ffSqC5XPcxW9AOCMowDMdrYCg	2025-05-19 14:55:55.95541+01
adya8m58ge0vdm0mufvrv69xyuvp24e3	.eJxVjEEOwiAQRe_C2hBgoENduvcMZOiMUjU0Ke3KeHfbpAvd_vfef6tE61LS2mROI6uzAnX63TINT6k74AfV-6SHqS7zmPWu6IM2fZ1YXpfD_Tso1MpWO4-REAVCH2xk7Hiw0OUIxm3I95YDQjaeRYgAOswO4RaErDXGUVCfL7CwNqg:1uBwg3:aMufJh_fMdGBtrxeVC114AcwxjgNPNGhHW9ArjBsKCo	2025-05-19 15:20:15.72329+01
2g58w0y073jixv0eng1jnsqutlmm246x	.eJxVjEEOwiAQRe_C2hBgoENduvcMZOiMUjU0Ke3KeHfbpAvd_vfef6tE61LS2mROI6uzAnX63TINT6k74AfV-6SHqS7zmPWu6IM2fZ1YXpfD_Tso1MpWO4-REAVCH2xk7Hiw0OUIxm3I95YDQjaeRYgAOswO4RaErDXGUVCfL7CwNqg:1uBws9:S8RJcPBcNW4gD2fvOVlp7jz3mG1evpIHN9w045LQXFs	2025-05-19 15:32:45.292712+01
462jm5t6apbdh0vkwsiu1se9ezs1qimi	.eJxVjEEOwiAQRe_C2hBgoENduvcMZOiMUjU0Ke3KeHfbpAvd_vfef6tE61LS2mROI6uzAnX63TINT6k74AfV-6SHqS7zmPWu6IM2fZ1YXpfD_Tso1MpWO4-REAVCH2xk7Hiw0OUIxm3I95YDQjaeRYgAOswO4RaErDXGUVCfL7CwNqg:1uSfAI:jRAt12SvlxhYBCbznfeNaGw4opvAqGmodZN-rEHUom4	2025-07-04 18:04:34.80193+01
unw5k2mepxqvnn31oq50qjgyul1pphnb	.eJxVjEEOwiAQRe_C2hBgoENduvcMZOiMUjU0Ke3KeHfbpAvd_vfef6tE61LS2mROI6uzAnX63TINT6k74AfV-6SHqS7zmPWu6IM2fZ1YXpfD_Tso1MpWO4-REAVCH2xk7Hiw0OUIxm3I95YDQjaeRYgAOswO4RaErDXGUVCfL7CwNqg:1uYl6P:F7BdI5OiZ_IpvcwecXfPPScyghj59S2rN7KFTweFkjM	2025-07-21 13:37:45.87485+01
wvakr4q1pd1tlj1cebwdseml9xe68hro	.eJxVjEEOwiAQRe_C2hBgoENduvcMZOiMUjU0Ke3KeHfbpAvd_vfef6tE61LS2mROI6uzAnX63TINT6k74AfV-6SHqS7zmPWu6IM2fZ1YXpfD_Tso1MpWO4-REAVCH2xk7Hiw0OUIxm3I95YDQjaeRYgAOswO4RaErDXGUVCfL7CwNqg:1uZ4h8:gMZGQ5e6ziEj2aP-qlubzgC272U2rmu-oGzZDCXQEnQ	2025-07-22 10:32:58.242945+01
\.


--
-- Data for Name: website_job; Type: TABLE DATA; Schema: public; Owner: postgres
--

COPY public.website_job (job_id, job, location, company_name, work_type, full_time_remote, job_details) FROM stdin;
\.


--
-- Data for Name: website_profile; Type: TABLE DATA; Schema: public; Owner: postgres
--

COPY public.website_profile (id, bio, skills, location, profile_picture, user_id) FROM stdin;
1	"I am a skilled Python developer with expertise in using Django to build dynamic websites. I have a strong foundation in front-end design, crafting responsive and visually appealing sites with HTML and CSS. Additionally, I am proficient in SQL, particularly PostgreSQL, and have experience using tools like LucidChart for diagramming. My strong writing skills extend to creating polished documents in Microsoft Word and other Office applications, making me a versatile and detail-oriented professional."	Python, Django, HTML, CSS, SQL (PostgreSQL), LucidChart, Microsoft Word, Office.	Abeokuta	profile_pics/vlcsnap-2023-07-19-13h48m04s319.png	1
\.


--
-- Name: auth_group_id_seq; Type: SEQUENCE SET; Schema: public; Owner: postgres
--

SELECT pg_catalog.setval('public.auth_group_id_seq', 1, false);


--
-- Name: auth_group_permissions_id_seq; Type: SEQUENCE SET; Schema: public; Owner: postgres
--

SELECT pg_catalog.setval('public.auth_group_permissions_id_seq', 1, false);


--
-- Name: auth_permission_id_seq; Type: SEQUENCE SET; Schema: public; Owner: postgres
--

SELECT pg_catalog.setval('public.auth_permission_id_seq', 44, true);


--
-- Name: auth_user_groups_id_seq; Type: SEQUENCE SET; Schema: public; Owner: postgres
--

SELECT pg_catalog.setval('public.auth_user_groups_id_seq', 1, false);


--
-- Name: auth_user_id_seq; Type: SEQUENCE SET; Schema: public; Owner: postgres
--

SELECT pg_catalog.setval('public.auth_user_id_seq', 6, true);


--
-- Name: auth_user_user_permissions_id_seq; Type: SEQUENCE SET; Schema: public; Owner: postgres
--

SELECT pg_catalog.setval('public.auth_user_user_permissions_id_seq', 1, false);


--
-- Name: core_job_id_seq; Type: SEQUENCE SET; Schema: public; Owner: postgres
--

SELECT pg_catalog.setval('public.core_job_id_seq', 1, false);


--
-- Name: core_profile_id_seq; Type: SEQUENCE SET; Schema: public; Owner: postgres
--

SELECT pg_catalog.setval('public.core_profile_id_seq', 10, true);


--
-- Name: core_userjobinteraction_id_seq; Type: SEQUENCE SET; Schema: public; Owner: postgres
--

SELECT pg_catalog.setval('public.core_userjobinteraction_id_seq', 5, true);


--
-- Name: django_admin_log_id_seq; Type: SEQUENCE SET; Schema: public; Owner: postgres
--

SELECT pg_catalog.setval('public.django_admin_log_id_seq', 1, false);


--
-- Name: django_content_type_id_seq; Type: SEQUENCE SET; Schema: public; Owner: postgres
--

SELECT pg_catalog.setval('public.django_content_type_id_seq', 11, true);


--
-- Name: django_migrations_id_seq; Type: SEQUENCE SET; Schema: public; Owner: postgres
--

SELECT pg_catalog.setval('public.django_migrations_id_seq', 23, true);


--
-- Name: website_profile_id_seq; Type: SEQUENCE SET; Schema: public; Owner: postgres
--

SELECT pg_catalog.setval('public.website_profile_id_seq', 1, true);


--
-- Name: auth_group auth_group_name_key; Type: CONSTRAINT; Schema: public; Owner: postgres
--

ALTER TABLE ONLY public.auth_group
    ADD CONSTRAINT auth_group_name_key UNIQUE (name);


--
-- Name: auth_group_permissions auth_group_permissions_group_id_permission_id_0cd325b0_uniq; Type: CONSTRAINT; Schema: public; Owner: postgres
--

ALTER TABLE ONLY public.auth_group_permissions
    ADD CONSTRAINT auth_group_permissions_group_id_permission_id_0cd325b0_uniq UNIQUE (group_id, permission_id);


--
-- Name: auth_group_permissions auth_group_permissions_pkey; Type: CONSTRAINT; Schema: public; Owner: postgres
--

ALTER TABLE ONLY public.auth_group_permissions
    ADD CONSTRAINT auth_group_permissions_pkey PRIMARY KEY (id);


--
-- Name: auth_group auth_group_pkey; Type: CONSTRAINT; Schema: public; Owner: postgres
--

ALTER TABLE ONLY public.auth_group
    ADD CONSTRAINT auth_group_pkey PRIMARY KEY (id);


--
-- Name: auth_permission auth_permission_content_type_id_codename_01ab375a_uniq; Type: CONSTRAINT; Schema: public; Owner: postgres
--

ALTER TABLE ONLY public.auth_permission
    ADD CONSTRAINT auth_permission_content_type_id_codename_01ab375a_uniq UNIQUE (content_type_id, codename);


--
-- Name: auth_permission auth_permission_pkey; Type: CONSTRAINT; Schema: public; Owner: postgres
--

ALTER TABLE ONLY public.auth_permission
    ADD CONSTRAINT auth_permission_pkey PRIMARY KEY (id);


--
-- Name: auth_user_groups auth_user_groups_pkey; Type: CONSTRAINT; Schema: public; Owner: postgres
--

ALTER TABLE ONLY public.auth_user_groups
    ADD CONSTRAINT auth_user_groups_pkey PRIMARY KEY (id);


--
-- Name: auth_user_groups auth_user_groups_user_id_group_id_94350c0c_uniq; Type: CONSTRAINT; Schema: public; Owner: postgres
--

ALTER TABLE ONLY public.auth_user_groups
    ADD CONSTRAINT auth_user_groups_user_id_group_id_94350c0c_uniq UNIQUE (user_id, group_id);


--
-- Name: auth_user auth_user_pkey; Type: CONSTRAINT; Schema: public; Owner: postgres
--

ALTER TABLE ONLY public.auth_user
    ADD CONSTRAINT auth_user_pkey PRIMARY KEY (id);


--
-- Name: auth_user_user_permissions auth_user_user_permissions_pkey; Type: CONSTRAINT; Schema: public; Owner: postgres
--

ALTER TABLE ONLY public.auth_user_user_permissions
    ADD CONSTRAINT auth_user_user_permissions_pkey PRIMARY KEY (id);


--
-- Name: auth_user_user_permissions auth_user_user_permissions_user_id_permission_id_14a6b632_uniq; Type: CONSTRAINT; Schema: public; Owner: postgres
--

ALTER TABLE ONLY public.auth_user_user_permissions
    ADD CONSTRAINT auth_user_user_permissions_user_id_permission_id_14a6b632_uniq UNIQUE (user_id, permission_id);


--
-- Name: auth_user auth_user_username_key; Type: CONSTRAINT; Schema: public; Owner: postgres
--

ALTER TABLE ONLY public.auth_user
    ADD CONSTRAINT auth_user_username_key UNIQUE (username);


--
-- Name: core_job core_job_pkey; Type: CONSTRAINT; Schema: public; Owner: postgres
--

ALTER TABLE ONLY public.core_job
    ADD CONSTRAINT core_job_pkey PRIMARY KEY (id);


--
-- Name: core_profile core_profile_pkey; Type: CONSTRAINT; Schema: public; Owner: postgres
--

ALTER TABLE ONLY public.core_profile
    ADD CONSTRAINT core_profile_pkey PRIMARY KEY (id);


--
-- Name: core_profile core_profile_user_id_key; Type: CONSTRAINT; Schema: public; Owner: postgres
--

ALTER TABLE ONLY public.core_profile
    ADD CONSTRAINT core_profile_user_id_key UNIQUE (user_id);


--
-- Name: core_userjobinteraction core_userjobinteraction_pkey; Type: CONSTRAINT; Schema: public; Owner: postgres
--

ALTER TABLE ONLY public.core_userjobinteraction
    ADD CONSTRAINT core_userjobinteraction_pkey PRIMARY KEY (id);


--
-- Name: django_admin_log django_admin_log_pkey; Type: CONSTRAINT; Schema: public; Owner: postgres
--

ALTER TABLE ONLY public.django_admin_log
    ADD CONSTRAINT django_admin_log_pkey PRIMARY KEY (id);


--
-- Name: django_content_type django_content_type_app_label_model_76bd3d3b_uniq; Type: CONSTRAINT; Schema: public; Owner: postgres
--

ALTER TABLE ONLY public.django_content_type
    ADD CONSTRAINT django_content_type_app_label_model_76bd3d3b_uniq UNIQUE (app_label, model);


--
-- Name: django_content_type django_content_type_pkey; Type: CONSTRAINT; Schema: public; Owner: postgres
--

ALTER TABLE ONLY public.django_content_type
    ADD CONSTRAINT django_content_type_pkey PRIMARY KEY (id);


--
-- Name: django_migrations django_migrations_pkey; Type: CONSTRAINT; Schema: public; Owner: postgres
--

ALTER TABLE ONLY public.django_migrations
    ADD CONSTRAINT django_migrations_pkey PRIMARY KEY (id);


--
-- Name: django_session django_session_pkey; Type: CONSTRAINT; Schema: public; Owner: postgres
--

ALTER TABLE ONLY public.django_session
    ADD CONSTRAINT django_session_pkey PRIMARY KEY (session_key);


--
-- Name: website_job website_job_pkey; Type: CONSTRAINT; Schema: public; Owner: postgres
--

ALTER TABLE ONLY public.website_job
    ADD CONSTRAINT website_job_pkey PRIMARY KEY (job_id);


--
-- Name: website_profile website_profile_pkey; Type: CONSTRAINT; Schema: public; Owner: postgres
--

ALTER TABLE ONLY public.website_profile
    ADD CONSTRAINT website_profile_pkey PRIMARY KEY (id);


--
-- Name: website_profile website_profile_user_id_key; Type: CONSTRAINT; Schema: public; Owner: postgres
--

ALTER TABLE ONLY public.website_profile
    ADD CONSTRAINT website_profile_user_id_key UNIQUE (user_id);


--
-- Name: auth_group_name_a6ea08ec_like; Type: INDEX; Schema: public; Owner: postgres
--

CREATE INDEX auth_group_name_a6ea08ec_like ON public.auth_group USING btree (name varchar_pattern_ops);


--
-- Name: auth_group_permissions_group_id_b120cbf9; Type: INDEX; Schema: public; Owner: postgres
--

CREATE INDEX auth_group_permissions_group_id_b120cbf9 ON public.auth_group_permissions USING btree (group_id);


--
-- Name: auth_group_permissions_permission_id_84c5c92e; Type: INDEX; Schema: public; Owner: postgres
--

CREATE INDEX auth_group_permissions_permission_id_84c5c92e ON public.auth_group_permissions USING btree (permission_id);


--
-- Name: auth_permission_content_type_id_2f476e4b; Type: INDEX; Schema: public; Owner: postgres
--

CREATE INDEX auth_permission_content_type_id_2f476e4b ON public.auth_permission USING btree (content_type_id);


--
-- Name: auth_user_groups_group_id_97559544; Type: INDEX; Schema: public; Owner: postgres
--

CREATE INDEX auth_user_groups_group_id_97559544 ON public.auth_user_groups USING btree (group_id);


--
-- Name: auth_user_groups_user_id_6a12ed8b; Type: INDEX; Schema: public; Owner: postgres
--

CREATE INDEX auth_user_groups_user_id_6a12ed8b ON public.auth_user_groups USING btree (user_id);


--
-- Name: auth_user_user_permissions_permission_id_1fbb5f2c; Type: INDEX; Schema: public; Owner: postgres
--

CREATE INDEX auth_user_user_permissions_permission_id_1fbb5f2c ON public.auth_user_user_permissions USING btree (permission_id);


--
-- Name: auth_user_user_permissions_user_id_a95ead1b; Type: INDEX; Schema: public; Owner: postgres
--

CREATE INDEX auth_user_user_permissions_user_id_a95ead1b ON public.auth_user_user_permissions USING btree (user_id);


--
-- Name: auth_user_username_6821ab7c_like; Type: INDEX; Schema: public; Owner: postgres
--

CREATE INDEX auth_user_username_6821ab7c_like ON public.auth_user USING btree (username varchar_pattern_ops);


--
-- Name: core_userjobinteraction_user_id_ece190a1; Type: INDEX; Schema: public; Owner: postgres
--

CREATE INDEX core_userjobinteraction_user_id_ece190a1 ON public.core_userjobinteraction USING btree (user_id);


--
-- Name: django_admin_log_content_type_id_c4bce8eb; Type: INDEX; Schema: public; Owner: postgres
--

CREATE INDEX django_admin_log_content_type_id_c4bce8eb ON public.django_admin_log USING btree (content_type_id);


--
-- Name: django_admin_log_user_id_c564eba6; Type: INDEX; Schema: public; Owner: postgres
--

CREATE INDEX django_admin_log_user_id_c564eba6 ON public.django_admin_log USING btree (user_id);


--
-- Name: django_session_expire_date_a5c62663; Type: INDEX; Schema: public; Owner: postgres
--

CREATE INDEX django_session_expire_date_a5c62663 ON public.django_session USING btree (expire_date);


--
-- Name: django_session_session_key_c0390e0f_like; Type: INDEX; Schema: public; Owner: postgres
--

CREATE INDEX django_session_session_key_c0390e0f_like ON public.django_session USING btree (session_key varchar_pattern_ops);


--
-- Name: auth_group_permissions auth_group_permissio_permission_id_84c5c92e_fk_auth_perm; Type: FK CONSTRAINT; Schema: public; Owner: postgres
--

ALTER TABLE ONLY public.auth_group_permissions
    ADD CONSTRAINT auth_group_permissio_permission_id_84c5c92e_fk_auth_perm FOREIGN KEY (permission_id) REFERENCES public.auth_permission(id) DEFERRABLE INITIALLY DEFERRED;


--
-- Name: auth_group_permissions auth_group_permissions_group_id_b120cbf9_fk_auth_group_id; Type: FK CONSTRAINT; Schema: public; Owner: postgres
--

ALTER TABLE ONLY public.auth_group_permissions
    ADD CONSTRAINT auth_group_permissions_group_id_b120cbf9_fk_auth_group_id FOREIGN KEY (group_id) REFERENCES public.auth_group(id) DEFERRABLE INITIALLY DEFERRED;


--
-- Name: auth_permission auth_permission_content_type_id_2f476e4b_fk_django_co; Type: FK CONSTRAINT; Schema: public; Owner: postgres
--

ALTER TABLE ONLY public.auth_permission
    ADD CONSTRAINT auth_permission_content_type_id_2f476e4b_fk_django_co FOREIGN KEY (content_type_id) REFERENCES public.django_content_type(id) DEFERRABLE INITIALLY DEFERRED;


--
-- Name: auth_user_groups auth_user_groups_group_id_97559544_fk_auth_group_id; Type: FK CONSTRAINT; Schema: public; Owner: postgres
--

ALTER TABLE ONLY public.auth_user_groups
    ADD CONSTRAINT auth_user_groups_group_id_97559544_fk_auth_group_id FOREIGN KEY (group_id) REFERENCES public.auth_group(id) DEFERRABLE INITIALLY DEFERRED;


--
-- Name: auth_user_groups auth_user_groups_user_id_6a12ed8b_fk_auth_user_id; Type: FK CONSTRAINT; Schema: public; Owner: postgres
--

ALTER TABLE ONLY public.auth_user_groups
    ADD CONSTRAINT auth_user_groups_user_id_6a12ed8b_fk_auth_user_id FOREIGN KEY (user_id) REFERENCES public.auth_user(id) DEFERRABLE INITIALLY DEFERRED;


--
-- Name: auth_user_user_permissions auth_user_user_permi_permission_id_1fbb5f2c_fk_auth_perm; Type: FK CONSTRAINT; Schema: public; Owner: postgres
--

ALTER TABLE ONLY public.auth_user_user_permissions
    ADD CONSTRAINT auth_user_user_permi_permission_id_1fbb5f2c_fk_auth_perm FOREIGN KEY (permission_id) REFERENCES public.auth_permission(id) DEFERRABLE INITIALLY DEFERRED;


--
-- Name: auth_user_user_permissions auth_user_user_permissions_user_id_a95ead1b_fk_auth_user_id; Type: FK CONSTRAINT; Schema: public; Owner: postgres
--

ALTER TABLE ONLY public.auth_user_user_permissions
    ADD CONSTRAINT auth_user_user_permissions_user_id_a95ead1b_fk_auth_user_id FOREIGN KEY (user_id) REFERENCES public.auth_user(id) DEFERRABLE INITIALLY DEFERRED;


--
-- Name: core_profile core_profile_user_id_bf8ada58_fk_auth_user_id; Type: FK CONSTRAINT; Schema: public; Owner: postgres
--

ALTER TABLE ONLY public.core_profile
    ADD CONSTRAINT core_profile_user_id_bf8ada58_fk_auth_user_id FOREIGN KEY (user_id) REFERENCES public.auth_user(id) DEFERRABLE INITIALLY DEFERRED;


--
-- Name: core_userjobinteraction core_userjobinteraction_user_id_ece190a1_fk_auth_user_id; Type: FK CONSTRAINT; Schema: public; Owner: postgres
--

ALTER TABLE ONLY public.core_userjobinteraction
    ADD CONSTRAINT core_userjobinteraction_user_id_ece190a1_fk_auth_user_id FOREIGN KEY (user_id) REFERENCES public.auth_user(id) DEFERRABLE INITIALLY DEFERRED;


--
-- Name: django_admin_log django_admin_log_content_type_id_c4bce8eb_fk_django_co; Type: FK CONSTRAINT; Schema: public; Owner: postgres
--

ALTER TABLE ONLY public.django_admin_log
    ADD CONSTRAINT django_admin_log_content_type_id_c4bce8eb_fk_django_co FOREIGN KEY (content_type_id) REFERENCES public.django_content_type(id) DEFERRABLE INITIALLY DEFERRED;


--
-- Name: django_admin_log django_admin_log_user_id_c564eba6_fk_auth_user_id; Type: FK CONSTRAINT; Schema: public; Owner: postgres
--

ALTER TABLE ONLY public.django_admin_log
    ADD CONSTRAINT django_admin_log_user_id_c564eba6_fk_auth_user_id FOREIGN KEY (user_id) REFERENCES public.auth_user(id) DEFERRABLE INITIALLY DEFERRED;


--
-- Name: website_profile website_profile_user_id_87886a5c_fk_auth_user_id; Type: FK CONSTRAINT; Schema: public; Owner: postgres
--

ALTER TABLE ONLY public.website_profile
    ADD CONSTRAINT website_profile_user_id_87886a5c_fk_auth_user_id FOREIGN KEY (user_id) REFERENCES public.auth_user(id) DEFERRABLE INITIALLY DEFERRED;


--
-- PostgreSQL database dump complete
--

